,Row ID,System Name,Host Name,Number of Planets,Stellar Parameter Reference,Stellar Effective Temperature [K],Stellar Mass [Solar mass],Stellar Metallicity [dex],Stellar Metallicity Ratio
1,7,11 Com,11 Com,1,TICv8,4675.18000±9.23077,  ,-0.51±0.02,[M/H]
1,13,11 UMi,11 UMi,1,TICv8,4263.7700±30.8989,  ,-0.08692310±0.03328200,[M/H]
1,17,14 And,14 And,1,TICv8,4689.46000±7.52297,  ,-0.2979020±0.0176568,[M/H]
1,31,14 Her,14 Her,2,TICv8,5280.000+163.206-128.171,0.9100000+0.1376220-0.0875640,0.4±0.1,[M/H]
1,51,16 Cyg,HIP 96895,1,TICv8,5778.000+123.407-105.281,1.040000+0.129694-0.114823,0.090±0.100,[M/H]
1,59,16 Cyg,16 Cyg B,1,TICv8,5747.000+143.256-142.796,1.030000+0.148362-0.116303,0.060±0.100,[M/H]
1,83,17 Sco,17 Sco,1,TICv8,4364.0600±57.4823,  ,0.0247835±0.0082040,[M/H]
1,90,18 Del,18 Del,1,TICv8,5074.86000±9.40089,  ,0.09695040±0.01684300,[M/H]
1,99,24 Boo,24 Boo,1,TICv8,5025.7800±24.7354,  ,-0.6155170±0.0557086,[M/H]
1,143,4 UMa,4 UMa,1,TICv8,4482.90000±8.51742,  ,-0.1997960±0.0196774,[M/H]
1,169,47 UMa,47 UMa,3,TICv8,5872.0000+92.9376-113.5250,1.060000+0.128402-0.137608,0.040±0.100,[M/H]
1,182,51 Peg,51 Peg,1,TICv8,5758.000+101.623-119.624,1.0300000+0.1666990-0.0854185,0.18±0.10,[M/H]
1,239,55 Cnc,55 Cnc,7,TICv8,5250.000+123.300-171.847,0.9000000+0.1400420-0.0899928,0.35±0.10,[M/H]
1,251,6 Lyn,6 Lyn,1,TICv8,4938.0±25.0,  ,-0.010±0.100,[M/H]
1,280,61 Vir,61 Vir,3,TICv8,5562.000+109.027-108.159,0.9800000+0.1369790-0.1053110,-0.030±0.100,[M/H]
1,287,7 CMa,7 CMa,2,TICv8,4794.5200±24.1018,  ,0.08823530±0.02572480,[M/H]
1,309,70 Vir,70 Vir,1,TICv8,5495.0000+85.8012-139.3860,0.9600000+0.1652370-0.0909400,-0.070±0.100,[M/H]
1,317,75 Cet,75 Cet,2,TICv8,4827.32000±7.57633,  ,0.0328851±0.0347621,[M/H]
1,330,81 Cet,81 Cet,1,TICv8,4844.29000±6.49938,  ,0.00440220±0.02034550,[M/H]
1,345,91 Aqr,91 Aqr,1,TICv8,4658.92000±4.78695,  ,-0.0164009±0.0281867,[M/H]
1,362,AF Lep,AF Lep,1,TICv8,6409.3700+94.6689-104.1970,1.290000+0.245779-0.161670,0.29±0.03,[M/H]
1,390,BD+03 2562,BD+03 2562,1,TICv8,4095.0±20.0,  ,-0.71±0.09,[M/H]
1,396,BD+14 4559,BD+14 4559,1,TICv8,4864.00+134.05-146.12,0.7900000+0.0934848-0.0935058,0.17±0.06,[M/H]
1,402,BD+15 2375,BD+15 2375,1,TICv8,4649.0±10.0,  ,-0.22±0.08,[M/H]
1,405,BD+15 2940,BD+15 2940,1,TICv8,4796.0±13.0,  ,-0.28±0.07,[M/H]
1,410,BD+20 2457,BD+20 2457,2,TICv8,4181.98000±7.92624,  ,-0.8058490±0.0192305,[M/H]
1,412,BD+20 274,BD+20 274,1,TICv8,4296.0±10.0,  ,-0.46±0.05,[M/H]
1,415,BD+20 594,BD+20 594,1,TICv8,5651.760+111.924-126.674,1.0030000+0.1593140-0.0834095,-0.175±0.058,[M/H]
1,425,BD+45 564,BD+45 564,1,TICv8,5087.090+108.070-104.662,0.8500000+0.0914532-0.1185260,0.0900±0.0210,[M/H]
1,427,BD+48 738,BD+48 738,1,TICv8,4435.0000±13.4164,  ,-0.2369810±0.0192305,[M/H]
1,431,BD+48 740,BD+48 740,1,TICv8,4534.0±8.0,  ,-0.13±0.06,[M/H]
1,435,BD+49 828,BD+49 828,1,TICv8,4943.0±10.0,  ,-0.19±0.06,[M/H]
1,452,BD-08 2823,BD-08 2823,2,TICv8,4816.0000+91.2491-123.5580,0.7800000+0.1016130-0.0855051,-0.060±0.080,[M/H]
1,458,BD-10 3166,BD-10 3166,1,TICv8,5314.0000+87.1198-128.8470,0.9200000+0.1124630-0.1038760,0.31±0.10,[M/H]
1,471,BD-13 2130,BD-13 2130,1,TICv8,4717.5200±18.1818,  ,-0.0358944±0.0284187,[M/H]
1,475,BD-14 3065,BD-14 3065 A,1,TICv8,6736.880+107.514-107.435,1.440000+0.310315-0.187697,-0.2090000±0.0438178,[M/H]
1,480,BD-17 63,BD-17 63,1,TICv8,4665.0000+96.1273-148.8130,0.7400000+0.0893694-0.0839227,0.010±0.100,[M/H]
1,496,BEBOP-4,BEBOP-4 A,1,TICv8,5701.430+124.068-112.233,1.0200000+0.1589570-0.0914083,0.2615460±0.0123429,[M/H]
1,523,CoRoT-1,CoRoT-1,1,TICv8,6355.0700±38.1212,1.26,0.0656466±0.0300576,[M/H]
1,532,CoRoT-10,CoRoT-10,1,TICv8,5025.0±155.0,0.84,0.060±0.090,[M/H]
1,538,CoRoT-11,CoRoT-11,1,TICv8,6343.0000+124.8780-98.3343,1.260000+0.241227-0.139734,0.04±0.03,[M/H]
1,552,CoRoT-12,CoRoT-12,1,TICv8,5715.0±208.0,1.02,0.17±0.14,[M/H]
1,594,CoRoT-2,CoRoT-2,1,TICv8,5529.0000+121.4320-89.6022,0.97200000+0.14067700-0.09675250,-0.040±0.100,[M/H]
1,648,CoRoT-3,CoRoT-3,1,TICv8,6558.0000+121.4140-86.9416,1.360000+0.261734-0.185749,0.14±0.04,[M/H]
1,681,CoRoT-5,CoRoT-5,1,TICv8,6240.0±70.0,1.21,0.04±0.05,[M/H]
1,694,CoRoT-7,CoRoT-7,3,TICv8,5256.0000+91.3346-130.8500,0.8990000+0.1224620-0.0952405,0.060±0.100,[M/H]
1,699,CoRoT-8,CoRoT-8,1,TICv8,5143.0±178.0,0.868,0.22±0.11,[M/H]
1,705,CoRoT-9,CoRoT-9,1,TICv8,5613.0000+126.4440-81.8644,0.9930000+0.1156800-0.1246020,-0.02±0.03,[M/H]
1,738,DMPP-4,DMPP-4,1,TICv8,6275.110+137.612-68.373,1.220000+0.200206-0.143939,-0.03±0.07,[M/H]
1,759,EPIC 201427007,EPIC 201427007,1,TICv8,5382.730±123.538,0.93,0.3139080±0.0146211,[M/H]
1,764,EPIC 201497682,EPIC 201497682,1,TICv8,4670.3500±99.6882,0.74,-0.08922190±0.01345770,[M/H]
1,769,EPIC 201595106,EPIC 201595106,2,TICv8,5711.1700+129.0870-85.2871,1.018000+0.135649-0.116947,0.018±0.034,[M/H]
1,869,EPIC 220492298,EPIC 220492298,1,TICv8,5443.04±105.53,0.95,0.470±0.102,[M/H]
1,900,EPIC 248847494,EPIC 248847494,1,TICv8,4962.41±21.70,  ,-0.289±0.020,[M/H]
1,902,EPIC 249893012,EPIC 249893012,3,TICv8,5230.800+123.076-111.824,0.8920000+0.1052360-0.1084410,0.050±0.100,[M/H]
1,980,GJ 143,GJ 143,2,TICv8,4628.530+106.954-193.953,0.7300000+0.0877656-0.0877931,0.00265490±0.05268040,[M/H]
1,994,GJ 15,LHS 4,2,TICv8,3259.0±157.0,0.164568±0.020081,-0.3745320±0.0130076,[M/H]
1,1031,GJ 2030,GJ 2030,2,TICv8,5485.0000+103.8950-94.4001,0.9600000+0.1423910-0.1067980,-0.4±0.1,[M/H]
1,1093,GJ 3021,GJ 3021,1,TICv8,5519.040+196.918-102.000,0.9700000+0.1417150-0.1081620,0.1046180±0.0148272,[M/H]
1,1110,GJ 317,GJ 317,2,TICv8,3347.0±157.0,0.4211600±0.0202602,-0.5537760±0.0814516,[M/H]
1,1359,GJ 504,GJ 504,1,TICv8,6029.190+140.041-155.493,1.120000+0.169108-0.134339,0.2098520±0.0141715,[M/H]
1,1442,GJ 667,HIP 84709,5,TICv8,4819.0±110.0,  ,-0.43±0.12,[M/H]
1,1486,GJ 687,GJ 687,2,TICv8,  ,0.3985610±0.0202864,0.15±0.09,[M/H]
1,1558,GJ 86,GJ 86,1,TICv8,5188.500+139.705-139.892,0.8800000+0.1490620-0.0809223,-0.2341810±0.0169035,[M/H]
1,1578,GJ 887,GJ 887,2,TICv8,3676.320+167.907-119.858,0.5400000+0.1084300-0.0777627,-0.22±0.09,[M/H]
1,1650,GU Psc,GU Psc,1,TICv8,3420.0±157.0,0.4470430±0.0201842,-0.25±0.19,[M/H]
1,1659,Gaia-4,Gaia-4,1,TICv8,4259.140+125.675-153.414,0.6700000+0.1057410-0.0581035,0.1074870±0.0128153,[M/H]
1,1716,Gl 725,Gl 725 B,1,TICv8,  ,0.2526250±0.0202044,-0.92±0.07,[M/H]
1,1724,HAT-P-1,ADS 16402 A,1,TICv8,6251.000+110.576-115.281,1.214000+0.225703-0.140300,0.146±0.014,[M/H]
1,1732,HAT-P-1,HAT-P-1,1,TICv8,6051.1800+127.3880-85.6817,1.126000+0.187583-0.112588,0.1578400±0.0068169,[M/H]
1,1755,HAT-P-11,HAT-P-11,2,TICv8,4777.560+118.373-107.360,0.7700000+0.0998038-0.0757801,0.2996460±0.0526804,[M/H]
1,1772,HAT-P-12,HAT-P-12,1,TICv8,4652.8700+96.9648-134.8430,0.7400000+0.0817889-0.0844251,-0.0631697±0.0150349,[M/H]
1,1780,HAT-P-13,HAT-P-13,2,TICv8,5720.00+101.21-137.27,1.0200000+0.1667890-0.0926911,0.46±0.07,[M/H]
1,1792,HAT-P-14,HAT-P-14,1,TICv8,6727.6100+149.3740-98.0938,1.433000+0.321377-0.175339,0.1266370±0.0526804,[M/H]
1,1806,HAT-P-15,HAT-P-15,1,TICv8,5663.5500+88.9753-108.3520,1.006000+0.137151-0.102811,0.2836990±0.0280899,[M/H]
1,1809,HAT-P-16,HAT-P-16,1,TICv8,6140.0000+98.3193-153.0790,1.164000+0.182313-0.138006,0.12±0.08,[M/H]
1,1826,HAT-P-17,HAT-P-17,2,TICv8,5336.9600+118.2100-91.8527,0.9200000+0.1542520-0.0788848,0.0512329±0.0280899,[M/H]
1,1834,HAT-P-18,HAT-P-18,1,TICv8,4790.000+107.643-127.605,0.7730000+0.0759889-0.1052010,0.14±0.08,[M/H]
1,1837,HAT-P-19,HAT-P-19,1,TICv8,5007.000+114.727-114.722,0.8310000+0.0975827-0.0975749,0.32±0.07,[M/H]
1,1846,HAT-P-2,HAT-P-2,2,TICv8,6412.830+102.682-110.120,1.290000+0.224551-0.158558,0.0535135±0.0406867,[M/H]
1,1860,HAT-P-20,HAT-P-20,1,TICv8,4604.030+129.230-125.095,0.7300000+0.0709188-0.1023460,0.2110400±0.0887045,[M/H]
1,1868,HAT-P-21,HAT-P-21,1,TICv8,5634.0000+98.0306-152.0340,1.000000+0.108489-0.139502,0.040±0.080,[M/H]
1,1884,HAT-P-22,HAT-P-22,1,TICv8,5357.7200+97.9339-126.7860,0.9300000+0.1218040-0.1118510,0.2828090±0.0423999,[M/H]
1,1895,HAT-P-23,HAT-P-23,1,TICv8,5918.230+121.035-152.586,1.078000+0.147462-0.125775,0.1563010±0.0280899,[M/H]
1,1904,HAT-P-24,HAT-P-24,1,TICv8,6329.000+132.187-132.327,1.250000+0.224501-0.170328,-0.21±0.08,[M/H]
1,1909,HAT-P-25,HAT-P-25,1,TICv8,5610.000+101.381-137.594,0.99300000+0.16761800-0.08915640,0.42±0.08,[M/H]
1,1914,HAT-P-26,HAT-P-26,1,TICv8,5061.9000+137.5580-87.0407,0.8460000+0.1271170-0.0726025,0.0280000±0.0357771,[M/H]
1,1922,HAT-P-27,HAT-P-27,1,TICv8,5316.0000+87.1194-122.2810,0.91600000+0.12140800-0.09990420,0.30±0.03,[M/H]
1,1931,HAT-P-28,HAT-P-28,1,TICv8,5698.3800+84.4446-136.7860,1.010000+0.104216-0.146704,0.158±0.032,[M/H]
1,1932,HAT-P-29,HAT-P-29,1,TICv8,6086.000+122.096-107.926,1.141000+0.161220-0.161206,0.14±0.08,[M/H]
1,1941,HAT-P-3,HAT-P-3,1,TICv8,5224.0000+149.2680-86.8322,0.8900000+0.1462570-0.0667720,0.41±0.08,[M/H]
1,1963,HAT-P-30,HAT-P-30,1,TICv8,6338.000+162.319-124.269,1.254000+0.212762-0.150109,0.12±0.03,[M/H]
1,1993,HAT-P-33,HAT-P-33,1,TICv8,6642.280+108.769-105.737,1.400000+0.291744-0.181281,0.021±0.010,[M/H]
1,2005,HAT-P-34,HAT-P-34,1,TICv8,6509.0000+93.3101-141.0850,1.336000+0.282259-0.152511,0.080±0.050,[M/H]
1,2016,HAT-P-35,HAT-P-35,1,TICv8,6178.0000+93.1028-117.6490,1.180000+0.189512-0.140781,0.12±0.03,[M/H]
1,2024,HAT-P-36,HAT-P-36,1,TICv8,5555.050+124.615-106.607,0.9800000+0.1069150-0.1381810,0.269388±0.012390,[M/H]
1,2046,HAT-P-4,HAT-P-4,1,TICv8,5981.010+103.195-131.480,1.100000+0.139777-0.145586,0.2750000±0.0565685,[M/H]
1,2049,HAT-P-4,HAT-P-4 B,1,TICv8,5988.8400+85.4821-133.1770,1.100000+0.132798-0.137919,0.183±0.024,[M/H]
1,2072,HAT-P-41,HAT-P-41,1,TICv8,6479.0000+96.9697-103.7990,1.322000+0.252458-0.163681,0.13±0.05,[M/H]
1,2080,HAT-P-43,HAT-P-43,1,TICv8,5680.3500+119.4580-86.0049,1.010000+0.107174-0.131597,0.1710490±0.0320279,[M/H]
1,2087,HAT-P-44,HAT-P-44,2,TICv8,5115.160+150.256-126.109,0.860000+0.115767-0.102967,0.3672850±0.0096851,[M/H]
1,2107,HAT-P-5,HAT-P-5,1,TICv8,5833.000+142.298-147.589,1.051000+0.151191-0.119137,0.11±0.10,[M/H]
1,2120,HAT-P-50,HAT-P-50,1,TICv8,6321.700+142.715-143.133,1.250000+0.213156-0.158317,-0.134±0.010,[M/H]
1,2122,HAT-P-51,HAT-P-51,1,TICv8,5425.950+99.553-129.652,0.9500000+0.1352630-0.1023670,0.2901730±0.0409939,[M/H]
1,2128,HAT-P-52,HAT-P-52,1,TICv8,5032.08±87.55,0.84,0.288±0.084,[M/H]
1,2142,HAT-P-54,HAT-P-54,1,TICv8,4133.400+116.991-100.360,0.6470000+0.0868728-0.0668292,0.145±0.101,[M/H]
1,2158,HAT-P-56,HAT-P-56,1,TICv8,6635.910+172.946-119.693,1.394000+0.255224-0.199393,-0.0568545±0.0066690,[M/H]
1,2187,HAT-P-6,HAT-P-6,1,TICv8,6893.360+169.806-125.269,1.499000+0.329640-0.190856,-0.0340897±0.0272165,[M/H]
1,2194,HAT-P-61,HAT-P-61,1,TICv8,5464.200+106.868-142.197,0.95500000+0.17708800-0.06399990,0.380±0.061,[M/H]
1,2212,HAT-P-66,HAT-P-66,1,TICv8,6101.120+184.945-100.673,1.150000+0.191164-0.122060,0.1369380±0.0119585,[M/H]
1,2223,HAT-P-68,HAT-P-68,1,TICv8,4221.540+79.216-121.026,0.6600000+0.0888371-0.0710537,-0.0114830±0.0318496,[M/H]
1,2224,HAT-P-69,HAT-P-69,1,TICv8,7668.590+146.549-130.288,1.796000+0.346336-0.240439,0.176±0.020,[M/H]
1,2246,HAT-P-7,HAT-P-7,1,TICv8,6532.2300+123.3940-95.0336,1.347000+0.253454-0.181040,0.2326010±0.0260692,[M/H]
1,2262,HAT-P-8,HAT-P-8,1,TICv8,6401.7900+115.7410-90.3351,1.285000+0.233687-0.160622,0.0480000±0.0357771,[M/H]
1,2269,HAT-P-9,HAT-P-9,1,TICv8,6193.000+139.785-135.111,1.190000+0.178162-0.178249,0.080±0.100,[M/H]
1,2280,HATS-1,HATS-1,1,TICv8,6183.500+113.572-140.570,1.180000+0.165392-0.152597,0.10±0.12,[M/H]
1,2338,HATS-22,HATS-22,1,TICv8,4724.49+122.31-125.35,0.7570000+0.0903600-0.0875017,0.02418900±0.07822720,[M/H]
1,2378,HATS-30,HATS-30,1,TICv8,5750.400+117.654-149.320,1.030000+0.140039-0.118141,-0.1±0.1,[M/H]
1,2396,HATS-34,HATS-34,1,TICv8,5435.5600±86.8012,0.95,0.2453870±0.0875268,[M/H]
1,2485,HATS-52,HATS-52,1,TICv8,5790.350±89.397,1.04,-0.2842880±0.0813642,[M/H]
1,2554,HATS-68,HATS-68,1,TICv8,5704.800+134.577-115.001,1.020000+0.102132-0.145987,-0.2500000±0.0707107,[M/H]
1,2561,HATS-7,HATS-7,1,TICv8,4964.900+111.034-107.044,0.8190000+0.1012240-0.0957893,0.2558640±0.0788158,[M/H]
1,2612,HD 100655,HD 100655,1,TICv8,4891.0±46.0,  ,0.07±0.03,[M/H]
1,2615,HD 100655,HD 100655 B,1,TICv8,3936.180+116.110-157.343,0.6120000+0.0849064-0.0652557,-0.754±0.141,[M/H]
1,2617,HD 100777,HD 100777,1,TICv8,5532.880+120.729-162.313,0.9700000+0.1310570-0.1072560,0.2500000±0.0141421,[M/H]
1,2630,HD 10180,HD 10180,6,TICv8,5901.360+130.582-149.948,1.070000+0.176212-0.105677,0.0793177±0.0065587,[M/H]
1,2639,HD 101930,HD 101930,1,TICv8,5109.5500+90.2371-129.8140,0.8600000+0.1190170-0.0849781,0.1495450±0.0255841,[M/H]
1,2656,HD 102117,HD 102117,1,TICv8,5667.880+123.905-160.352,1.0100000+0.1717890-0.0896139,0.2843240±0.0070623,[M/H]
1,2665,HD 102195,HD 102195,1,TICv8,5276.0000+90.1197-109.8960,0.9000000+0.0951125-0.1257350,0.050±0.100,[M/H]
1,2675,HD 102272,HD 102272,1,TICv8,4762.7200±9.1707,  ,-0.372308±0.033282,[M/H]
1,2701,HD 102365,HD 102365,1,TICv8,5672.00+126.12-151.11,1.010000+0.146621-0.105915,-0.27±0.10,[M/H]
1,2704,HD 102843,HD 102843,1,TICv8,5458.430+99.510-121.122,0.95000000+0.14560500-0.08258640,0.16±0.05,[M/H]
1,2714,HD 102956,HD 102956,1,TICv8,4985.0±25.0,  ,0.2±0.1,[M/H]
1,2718,HD 103197,HD 103197,1,TICv8,5250.000+145.156-100.617,0.9000000+0.1241460-0.0993723,0.22±0.07,[M/H]
1,2724,HD 103720,HD 103720,1,TICv8,5017.000+131.408-123.776,0.8300000+0.0880995-0.1070710,-0.02±0.06,[M/H]
1,2736,HD 103774,HD 103774,1,TICv8,6589.1700+91.7398-123.7710,1.370000+0.285448-0.165918,0.29±0.03,[M/H]
1,2738,HD 103891,HD 103891,1,TICv8,5990.7300+110.8440-98.4706,1.100000+0.164257-0.123147,-0.2215120±0.0266872,[M/H]
1,2743,HD 103949,HD 103949,1,TICv8,4820.650+147.434-119.186,0.7800000+0.1095210-0.0796549,-0.07000000±0.03123480,[M/H]
1,2751,HD 104067,HD 104067,2,TICv8,4944.2400+98.8216-107.5960,0.8100000+0.0972462-0.0973391,0.0290767±0.0216366,[M/H]
1,2766,HD 10442,HD 10442,1,TICv8,4912.0±25.0,  ,0.060±0.100,[M/H]
1,2775,HD 104985,HD 104985,1,TICv8,4679.3700±13.9772,  ,-0.393317±0.018806,[M/H]
1,2780,HD 105779,HD 105779,1,TICv8,5792.0000+130.9070-96.0161,1.040000+0.136469-0.116418,-0.25±0.05,[M/H]
1,2785,HD 106252,HD 106252,1,TICv8,5877.560+102.907-162.591,1.060000+0.159536-0.109450,-0.0588897±0.0108113,[M/H]
1,2802,HD 106270,HD 106270,1,TICv8,5509.0±25.0,  ,0.050±0.100,[M/H]
1,2828,HD 10647,HD 10647,1,TICv8,6150.970+159.873-136.444,1.170000+0.195969-0.132562,-0.00535940±0.00596120,[M/H]
1,2840,HD 106515,HD 106515 A,1,TICv8,5380.000+103.922-111.773,0.93000000+0.14193600-0.08355840,0.03±0.02,[M/H]
1,2868,HD 10697,HD 10697,1,TICv8,5600.000+119.035-86.568,0.990000+0.108460-0.131720,0.1±0.1,[M/H]
1,2885,HD 107148,HD 107148,2,TICv8,5744.0000+92.8569-111.2290,1.0300000+0.1710950-0.0932481,0.27±0.10,[M/H]
1,2898,HD 108147,HD 108147,1,TICv8,6255.730+126.619-155.483,1.220000+0.217431-0.140237,0.1803460±0.0118958,[M/H]
1,2906,HD 108202,HD 108202,1,TICv8,4556.030+105.261-136.799,0.7200000+0.0860584-0.0803467,0.3048400±0.0127161,[M/H]
1,2923,HD 108341,HD 108341,1,TICv8,5221.5200+121.9710-88.6373,0.8900000+0.1431510-0.0699338,0.04±0.06,[M/H]
1,2932,HD 108863,HD 108863,1,TICv8,4878.0±25.0,  ,0.15±0.10,[M/H]
1,2946,HD 108874,HD 108874,2,TICv8,5533.0000+107.7310-94.2757,0.97000000+0.15603900-0.08676080,0.15±0.10,[M/H]
1,2963,HD 109271,HD 109271,2,TICv8,5820.880+101.672-100.800,1.050000+0.134246-0.121636,0.10±0.05,[M/H]
1,2973,HD 109749,HD 109749,1,TICv8,5868.570+161.651-138.100,1.060000+0.166656-0.114080,0.2206630±0.0127052,[M/H]
1,2977,HD 10975,HD 10975,1,TICv8,4885.08000±4.86113,  ,-0.07600000±0.02683280,[M/H]
1,2983,HD 109988,HD 109988,1,TICv8,5185.9700+87.7715-144.6350,0.8800000+0.1072760-0.0998683,0.14±0.06,[M/H]
1,2987,HD 110014,HD 110014,1,TICv8,4553.6100±29.0487,  ,0.2504640±0.0376867,[M/H]
1,3015,HD 11112,HD 11112,1,TICv8,5905.640+173.827-115.118,1.070000+0.153597-0.120961,0.1868540±0.0254399,[M/H]
1,3024,HD 111232,HD 111232,2,TICv8,5487.510+145.415-137.365,0.9600000+0.1449540-0.1034600,-0.4271500±0.0086378,[M/H]
1,3088,HD 114386,HD 114386,1,TICv8,4826.890+157.401-118.361,0.7800000+0.1084280-0.0804922,-0.0782744±0.0089975,[M/H]
1,3111,HD 114729,HD 114729,1,TICv8,5845.290+109.261-152.788,1.050000+0.124901-0.128924,-0.2930510±0.0063643,[M/H]
1,3132,HD 114783,HD 114783,2,TICv8,5084.000+159.905-127.709,0.8500000+0.1058870-0.0958846,0.12±0.10,[M/H]
1,3143,HD 11505,HD 11505,1,TICv8,5757.150+128.925-165.109,1.030000+0.154594-0.113741,-0.2202880±0.0067828,[M/H]
1,3156,HD 11506,HD 11506,3,TICv8,6030.000+149.973-114.510,1.120000+0.159955-0.148910,0.31±0.10,[M/H]
1,3170,HD 116029,HD 116029,2,TICv8,4819.0±54.0,  ,0.090±0.040,[M/H]
1,3182,HD 117207,HD 117207,1,TICv8,5618.0000+99.1067-108.4770,0.9900000+0.1450280-0.1077010,0.17±0.10,[M/H]
1,3198,HD 117618,HD 117618,1,TICv8,5995.710+103.913-157.368,1.100000+0.154961-0.131935,0.0283320±0.0068128,[M/H]
1,3214,HD 118203,HD 118203,2,TICv8,5836.950+127.493-152.093,1.050000+0.147724-0.124684,0.2113670±0.0109545,[M/H]
1,3233,HD 11964,HD 11964,2,TICv8,5303.000+116.971-94.092,0.9100000+0.1239270-0.1057440,0.1±0.1,[M/H]
1,3243,HD 11977,HD 11977,1,TICv8,5004.870±14.116,  ,-0.1610010±0.0203536,[M/H]
1,3252,HD 120084,HD 120084,1,TICv8,4883.5700±5.8057,  ,0.090±0.040,[M/H]
1,3267,HD 121504,HD 121504,1,TICv8,6024.540+118.057-149.700,1.120000+0.162947-0.117094,0.1403950±0.0068879,[M/H]
1,3269,HD 12235,HD 12235,2,TICv8,5986.0000+92.6636-118.2100,1.100000+0.100926-0.166624,0.31±0.10,[M/H]
1,3277,HD 12484,HD 12484,1,TICv8,5835.0000+68.0076-146.1620,1.050000+0.157932-0.103834,0.090±0.100,[M/H]
1,3280,HD 125271,HD 125271,1,TICv8,4703.930+117.495-112.819,0.7500000+0.1063760-0.0721197,-0.22±0.06,[M/H]
1,3286,HD 125390,HD 125390,1,TICv8,4850.0±25.0,  ,-0.010±0.100,[M/H]
1,3295,HD 125595,HD 125595,1,TICv8,4691.000+130.664-188.981,0.7500000+0.1091960-0.0682412,0.080±0.120,[M/H]
1,3306,HD 125612,HD 125612,3,TICv8,5841.0000+112.9970-93.9518,1.050000+0.161344-0.100901,0.21±0.10,[M/H]
1,3314,HD 126525,HD 126525,1,TICv8,5644.3300+122.7990-77.3629,1.000000+0.139157-0.105382,-0.0910526±0.0068825,[M/H]
1,3334,HD 12661,HD 12661,2,TICv8,5655.000+104.729-104.017,1.000000+0.134603-0.117835,0.3±0.1,[M/H]
1,3338,HD 126614,HD 126614,1,TICv8,5470.0000+149.0210-69.1618,0.96000000+0.13966900-0.09430890,0.46±0.10,[M/H]
1,3355,HD 128311,HD 128311,2,TICv8,4917.000+108.880-176.379,0.8100000+0.1152830-0.0737275,0.1±0.1,[M/H]
1,3382,HD 129445,HD 129445,1,TICv8,5635.2000+142.6790-80.3861,1.000000+0.114038-0.126637,0.37±0.03,[M/H]
1,3391,HD 130322,HD 130322,1,TICv8,5377.0000+132.1520-87.4093,0.9300000+0.1055130-0.1281760,0.020±0.100,[M/H]
1,3407,HD 131496,HD 131496,1,TICv8,4846.0±25.0,  ,0.19±0.10,[M/H]
1,3417,HD 13167,HD 13167,1,TICv8,5671.000+137.215-150.352,1.0080000+0.1507490-0.0992388,0.19±0.10,[M/H]
1,3420,HD 13189,HD 13189,1,TICv8,4184.4000±32.0288,  ,-0.371814±0.057215,[M/H]
1,3424,HD 132406,HD 132406,1,TICv8,5759.290+105.975-178.535,1.0300000+0.1618940-0.0931398,0.1293010±0.0151453,[M/H]
1,3433,HD 132563,HD 132563 B,1,TICv8,6073.000+120.055-108.527,1.135000+0.172625-0.126982,-0.06±0.04,[M/H]
1,3451,HD 134060,HD 134060,2,TICv8,5951.680+143.340-147.894,1.090000+0.142783-0.138150,0.1271760±0.0068571,[M/H]
1,3463,HD 134606,HD 134606,5,TICv8,5624.9200+125.3880-99.0343,1.00000+0.14642-0.11562,0.2687110±0.0142475,[M/H]
1,3471,HD 134987,HD 134987,2,TICv8,5701.0000+111.0570-99.5815,1.020000+0.124286-0.120497,0.25±0.10,[M/H]
1,3492,HD 135625,HD 135625,1,TICv8,6040.6400+127.2450-91.5243,1.120000+0.116191-0.176881,0.12±0.05,[M/H]
1,3497,HD 135694,HD 135694,1,TICv8,5711.8500+116.4110-96.1881,1.020000+0.134474-0.111221,-0.19±0.07,[M/H]
1,3498,HD 135872,HD 135872,1,TICv8,4992.0±25.0,  ,0.090±0.100,[M/H]
1,3501,HD 136118,HD 136118,1,TICv8,6182.430+178.616-116.396,1.180000+0.185477-0.133329,-0.0419606±0.0148204,[M/H]
1,3504,HD 136352,HD 136352,3,TICv8,5739.000+109.099-112.267,1.030000+0.146386-0.107683,-0.26±0.10,[M/H]
1,3529,HD 136925,HD 136925,1,TICv8,5779.0000+92.1764-121.6800,1.040000+0.150119-0.115545,-0.2±0.1,[M/H]
1,3530,HD 13724,HD 13724,1,TICv8,5835.3100+205.3920-81.3054,1.050000+0.145196-0.130197,0.2169390±0.0085714,[M/H]
1,3533,HD 137388,HD 137388,1,TICv8,5188.530+119.068-122.673,0.8800000+0.1152290-0.0991951,0.1850000±0.0212132,[M/H]
1,3538,HD 137496,HD 137496,2,TICv8,5749.700+103.903-120.087,1.028000+0.153439-0.106229,-0.14±0.09,[M/H]
1,3547,HD 13808,HD 13808,2,TICv8,5068.410+98.453-108.562,0.8500000+0.0952117-0.1078650,-0.206923±0.016641,[M/H]
1,3550,HD 13908,HD 13908,2,TICv8,6253.0600+76.1328-137.1070,1.210000+0.196211-0.154106,0.01±0.04,[M/H]
1,3564,HD 13931,HD 13931,1,TICv8,5853.000+130.328-110.079,1.060000+0.130971-0.131024,0.060±0.100,[M/H]
1,3570,HD 139357,HD 139357,1,TICv8,4601.9200±27.9047,  ,0.2650000±0.0353553,[M/H]
1,3575,HD 1397,HD 1397,1,TICv8,5479.300+97.980-121.651,0.9600000+0.1587390-0.0902020,-0.020±0.090,[M/H]
1,3596,HD 141004,HD 141004,1,TICv8,5901.0000+96.5368-105.6500,1.070000+0.150706-0.120616,0.040±0.100,[M/H]
1,3619,HD 141399,HD 141399,4,TICv8,5539.000+156.765-123.033,0.9700000+0.1311950-0.1100000,0.32±0.10,[M/H]
1,3625,HD 141937,HD 141937,1,TICv8,5857.0000+108.7010-88.1762,1.060000+0.120657-0.150789,0.11±0.10,[M/H]
1,3643,HD 142,HD 142,3,TICv8,6251.990+105.965-100.875,1.210000+0.202461-0.136918,0.1057400±0.0097841,[M/H]
1,3663,HD 142022,HD 142022 A,1,TICv8,5497.840+110.687-100.220,0.96000000+0.14023900-0.09855410,0.1840980±0.0153644,[M/H]
1,3678,HD 142245,HD 142245,1,TICv8,4922.0±13.0,  ,0.17±0.06,[M/H]
1,3684,HD 142415,HD 142415,1,TICv8,5943.3200+190.5320-79.9562,1.0900000+0.1751720-0.0955678,0.1040680±0.0195283,[M/H]
1,3702,HD 143361,HD 143361,1,TICv8,5509.3000+138.6200-67.5162,0.9700000+0.1181940-0.1267310,0.22±0.03,[M/H]
1,3719,HD 145377,HD 145377,1,TICv8,5987.0400+126.6650-87.9682,1.100000+0.174474-0.110693,0.1087600±0.0125817,[M/H]
1,3725,HD 145457,HD 145457,1,TICv8,4807.1900±17.9754,  ,-0.1600000±0.0212132,[M/H]
1,3737,HD 145934,HD 145934,1,TICv8,4899.0±44.0,  ,0.15±0.03,[M/H]
1,3746,HD 1461,HD 1461,2,TICv8,5739.0000+94.1611-121.7830,1.030000+0.151820-0.109587,0.16±0.10,[M/H]
1,3791,HD 147513,HD 147513,1,TICv8,5873.470+109.808-103.132,1.060000+0.118300-0.136593,0.0441399±0.0070675,[M/H]
1,3798,HD 14787,HD 14787,1,TICv8,4946.0±25.0,  ,0±0,[M/H]
1,3815,HD 148156,HD 148156,1,TICv8,6178.5700+99.3618-124.0840,1.180000+0.205328-0.128296,0.25±0.05,[M/H]
1,3818,HD 148164,HD 148164,2,TICv8,6032.000+100.704-112.847,1.120000+0.144113-0.125472,0.21±0.10,[M/H]
1,3831,HD 149026,HD 149026,1,TICv8,6084.000+128.019-151.845,1.140000+0.174004-0.134794,0.33±0.10,[M/H]
1,3842,HD 149143,HD 149143,1,TICv8,5856.000+103.166-112.635,1.0600000+0.1755780-0.0901413,0.28±0.10,[M/H]
1,3850,HD 150010,HD 150010,1,TICv8,4307.1000±55.5044,  ,0.0516416±0.0082116,[M/H]
1,3852,HD 1502,HD 1502,1,TICv8,4947.0±25.0,  ,0.050±0.100,[M/H]
1,3858,HD 150706,HD 150706,1,TICv8,5948.000+163.683-123.703,1.090000+0.117914-0.154219,-0.010±0.100,[M/H]
1,3880,HD 152079,HD 152079,1,TICv8,5807.790+132.134-154.493,1.040000+0.138263-0.129057,0.29±0.02,[M/H]
1,3888,HD 152581,HD 152581,1,TICv8,5027.0±25.0,  ,-0.22±0.10,[M/H]
1,3899,HD 15337,HD 15337,2,TICv8,5175.2000+96.7336-117.2960,0.8800000+0.1340770-0.0870961,0.0600000±0.0212132,[M/H]
1,3906,HD 153950,HD 153950,1,TICv8,6019.870+159.927-119.492,1.110000+0.184554-0.112821,-0.0137821±0.0116686,[M/H]
1,3910,HD 154088,HD 154088,1,TICv8,5391.780+116.633-157.150,0.9400000+0.1240660-0.1103480,0.2901720±0.0181033,[M/H]
1,3932,HD 154345,HD 154345,1,TICv8,5455.000+153.386-128.733,0.9500000+0.1154760-0.1230180,-0.13±0.10,[M/H]
1,3942,HD 154672,HD 154672,1,TICv8,5743.000+103.523-100.561,1.030000+0.151547-0.103758,0.25±0.02,[M/H]
1,3951,HD 154857,HD 154857,2,TICv8,5604.560+150.292-132.276,0.9900000+0.1346350-0.1265380,-0.2236±0.0240,[M/H]